ID,Standard,Sekce metodiky,Téma,Obtížnost,Typ,Otázka,Odpověď A,Odpověď B,Odpověď C,Správná odpověď,Správná odpověď ID,Vysvětlení,Ověřovaná kompetence,Kritické téma,Verze banky,Verze metodiky,Aktivní
SAS-001,1,Standard 1.1 – Poslání služby.,Poslání služby,ZÁKLADNÍ,znalostní,Co nejlépe vystihuje poslání SAS Emcéčko?,"Poskytovat odbornou podporu rodinám v nepříznivé sociální situaci, stabilizovat jejich fungování a posilovat rodičovské kompetence.","Přebírat za rodinu řešení klíčových problémů v době, kdy je sama nedokáže účinně zvládat, aby se situace rychle stabilizovala.",Zaměřovat podporu hlavně na vzdělávání a volný čas dětí a ostatní problémy rodiny předávat návazným službám.,A,SAS-001-A,"Služba má rodinu odborně podporovat a posilovat její schopnost situaci zvládat, nikoli přebírat její odpovědnost.",Porozumění základnímu smyslu služby.,NE,1.0,Metodika SAS Emcéčko – přiložená verze,ANO
SAS-002,1,Standard 1.4 – Zásady poskytování služby.,Nejlepší zájem dítěte,ZÁKLADNÍ,znalostní,Který zájem má být při rozhodování pracovníka SAS prioritní?,Přání dospělého klienta bez ohledu na dopad na dítě.,Nejlepší zájem a blaho dítěte.,Organizačně nejjednodušší řešení pro službu.,B,SAS-002-B,"Metodika stanovuje, že zájem dítěte je prioritní a má přednost před zájmy dospělých.",Znalost klíčového hodnotového principu služby.,ANO,1.0,Metodika SAS Emcéčko – přiložená verze,ANO
SAS-003,1,Standard 1.4 – Aktivizace a soběstačnost; Standard 1.5 – Pomoc při uplatňování práv a obstarávání osobních záležitostí.,Aktivizace a soběstačnost,STŘEDNÍ,situační,"Klient má několik nevyřízených žádostí na úřadech a požádá pracovníka: „Vy tomu rozumíte, tak to všechno vyřiďte za mě.“ Jaký postup nejlépe odpovídá metodice?","Převzít vyřizování, protože rychlý výsledek je důležitější než způsob řešení.","Administrativní záležitosti odmítnout, protože nepatří mezi činnosti SAS.","Klienta při vyřizování podpořit a podle potřeby doprovodit tak, aby se postupně zapojoval a zvládal jej samostatně.",C,SAS-003-C,"SAS poskytuje administrativní podporu a doprovod, ale současně má klienta aktivizovat a vést k samostatnosti.",Rozlišení podpory od převzetí odpovědnosti za klienta.,NE,1.0,Metodika SAS Emcéčko – přiložená verze,ANO
SAS-004,1,Standard 1.4 a Standard 5.4 – Zapojení rodiny a dítěte do plánování.,Participace dítěte,POKROČILÁ,situační,"Rodič nechce, aby se jeho desetileté dítě vyjadřovalo k plánované podpoře rodiny. Dítě přitom samo pracovníkovi sděluje, že má k situaci co říct. Jaký postup nejlépe odpovídá metodice?","Rodiči vysvětlit význam přiměřeného zapojení dítěte, vytvořit dítěti bezpečný prostor k vyjádření a jeho názor zohlednit bez přenášení odpovědnosti za plán na dítě.","Respektovat nesouhlas rodiče a názor dítěte do plánování nezahrnovat, dokud rodič výslovně nesouhlasí s jeho přímým zapojením.",Vést plánování s dítětem odděleně od rodiče a jeho vyjádření použít jako rozhodující podklad pro další postup služby.,A,SAS-004-A,"Metodika kombinuje respekt k rodině s přiměřeným zapojením dítěte podle jeho věku a schopnosti porozumět. Názor dítěte má být slyšen a zohledněn, ale dítě nepřebírá odpovědnost za celý plán.",Schopnost současně pracovat s autonomií rodiny a právem dítěte na participaci.,ANO,1.0,Metodika SAS Emcéčko – přiložená verze,ANO
SAS-005,2,"Standard 2.1 – Zásada respektu, důstojnosti a autonomie.",Dobrovolnost služby,ZÁKLADNÍ,znalostní,Klient se rozhodne ukončit spolupráci se službou. Co podle metodiky platí?,Musí uvést závažný důvod.,Může spolupráci kdykoli ukončit bez udání důvodu.,Musí nejprve dokončit aktuální individuální plán.,B,SAS-005-B,Dobrovolnost a autonomie klienta zahrnuje také právo službu odmítnout nebo spolupráci ukončit.,Znalost principu dobrovolnosti.,NE,1.0,Metodika SAS Emcéčko – přiložená verze,ANO
SAS-006,2,Standard 2.3 – Prevence střetu zájmů a přijímání darů.,Dary a střet zájmů,STŘEDNÍ,situační,Klient nabídne pracovníkovi hodnotný dárkový poukaz jako poděkování za pomoc. Jak má pracovník postupovat?,"Přijmout jej, pokud klient výslovně uvede, že za něj nic neočekává.","Přijmout jej a zaznamenat dar do spisu, aby byl postup transparentní.",Dar nepřijmout; případnou hraniční situaci konzultovat s vedoucím služby.,C,SAS-006-C,"Metodika vyžaduje předcházet situacím, které by mohly narušit nestrannost nebo vytvořit střet osobních a profesních zájmů.",Rozpoznání profesních hranic.,NE,1.0,Metodika SAS Emcéčko – přiložená verze,ANO
SAS-007,2,Standard 2.5 – Postup při porušení práv klienta.,Porušení práv klienta,STŘEDNÍ,situační,"Pracovník je svědkem toho, že kolega opakovaně komunikuje s klientem ponižujícím způsobem. Co má udělat?","Neprodleně informovat vedoucího služby, aby mohlo být podezření na porušení práv prošetřeno.",Situaci řešit pouze osobním upozorněním kolegy a dál ji neevidovat.,"Vyčkat, zda si klient sám podá formální stížnost.",A,SAS-007-A,Při zjištění nebo důvodném podezření na porušení práv klienta má pracovník bezodkladně informovat vedoucího služby.,Znalost vlastní odpovědnosti při ochraně práv klientů.,ANO,1.0,Metodika SAS Emcéčko – přiložená verze,ANO
SAS-008,2,Standard 2.4 – Informovaný souhlas a oznamovací povinnost.,Oznamovací povinnost,POKROČILÁ,situační,"Klient odmítá jakékoli sdílení informací s OSPOD. V průběhu spolupráce ale vznikne důvodné podezření na ohrožení řádného vývoje dítěte, situace přitom není bezprostředním ohrožením života. Jaký postup je nejlepší?","Nejprve se pokusit získat písemný souhlas klienta a do té doby informace nepředávat, protože situace není akutní.","Uplatnit oznamovací povinnost vůči OSPOD, předat jen potřebné informace a důvody postupu rodině citlivě vysvětlit.","Situaci nejprve projednat na nejbližší týmové poradě a oznámení učinit až tehdy, pokud se tým shodne, že souhlas klienta není potřeba.",B,SAS-008-B,"Souhlas je běžným základem pro sdílení informací, ale metodika stanovuje výjimku při zákonné oznamovací povinnosti. Oznámení se nemá odkládat čekáním na souhlas či poradu.","Rozlišení mlčenlivosti, souhlasu a zákonné povinnosti.",ANO,1.0,Metodika SAS Emcéčko – přiložená verze,ANO
SAS-009,3,Standard 3.4 – Úvodní šetření a posouzení vhodnosti.,Vstupní sociální šetření,ZÁKLADNÍ,znalostní,Co se při vstupním sociálním šetření posuzuje?,"Především ekonomickou situaci, bydlení, zdravotní stav a počet dětí v domácnosti.","Především ochotu rodiny plnit doporučení pracovníka, pravidelnost docházky a schopnost dodržovat termíny.","Potřeby a očekávání rodiny, příslušnost k cílové skupině, míru rizika, kapacitu a odborné možnosti služby.",C,SAS-009-C,Vstupní šetření má umožnit objektivně posoudit situaci rodiny i vhodnost a možnosti služby.,Znalost účelu vstupního šetření.,NE,1.0,Metodika SAS Emcéčko – přiložená verze,ANO
SAS-010,3,Standard 3.2 a 3.3 – Zásady jednání a první kontakt.,Srozumitelnost informací,STŘEDNÍ,situační,"Zájemce volá do služby a je zřejmé, že má problémy porozumět složitějším písemným informacím. Jak má pracovník postupovat?","Informace srozumitelně vysvětlit ústně, přizpůsobit jejich formu schopnostem zájemce a domluvit další postup.","Odkázat zájemce na metodiku na webu a požádat jej, aby se ozval po jejím přečtení.","Vyžádat nejprve písemnou žádost, aby bylo možné ověřit jeho skutečný zájem.",A,SAS-010-A,"Informace mají být poskytovány ve formě a jazyce, kterým je zájemce schopen porozumět.",Přizpůsobení komunikace schopnostem zájemce.,NE,1.0,Metodika SAS Emcéčko – přiložená verze,ANO
SAS-011,3,Standard 3.5 – Rozhodnutí o přijetí či odmítnutí.,Naplněná kapacita,STŘEDNÍ,situační,"Zájemce odpovídá cílové skupině, služba má ale naplněnou kapacitu. Jaký postup odpovídá Standardu 3?","Přijmout rodinu nad kapacitu, pokud je její situace závažná.","Vysvětlit kapacitní důvod, nabídnout základní poradenství či vhodné návazné služby a se souhlasem zájemce jej zařadit na čekací listinu.","Zájemce automaticky zařadit na čekací listinu a požádat jej, aby vyčkal na uvolnění kapacity bez dalšího zprostředkování.",B,SAS-011-B,"Odmítnutí nemá být pouhým administrativním uzavřením kontaktu. Metodika počítá s poradenstvím, zprostředkováním další pomoci a při kapacitním důvodu s čekací listinou se souhlasem.",Správný postup při naplněné kapacitě.,NE,1.0,Metodika SAS Emcéčko – přiložená verze,ANO
SAS-012,3,Standard 3.2–3.5.,Dobrovolný vstup do služby,POKROČILÁ,situační,"Rodina přichází na doporučení OSPOD. Rodič říká, že si není jistý, zda chce službu využívat, ale je ochoten si vyslechnout informace. Jaký je nejvhodnější další postup SAS?","Domluvit zkušební období spolupráce a otázku souhlasu uzavřít až po několika návštěvách, protože podnět přišel od OSPOD.","Požádat OSPOD, aby s rodičem nejprve vyřešil jeho motivaci; do té doby jednání se zájemcem nepokračovat.","Srozumitelně vysvětlit obsah, limity a dobrovolnost služby, zjistit očekávání rodiny a ponechat rozhodnutí o zahájení spolupráce na zájemci.",C,SAS-012-C,"Doporučení OSPOD neruší dobrovolnost služby. Úkolem SAS je poskytnout srozumitelné informace, zjistit situaci a očekávání a umožnit zájemci svobodně se rozhodnout.",Rozlišení doporučení instituce od dobrovolného vstupu do služby.,NE,1.0,Metodika SAS Emcéčko – přiložená verze,ANO
SAS-013,4,Standard 4.3 – Úhrada za službu.,Bezplatnost služby,ZÁKLADNÍ,znalostní,Jaká je podle metodiky úhrada za základní činnosti SAS?,Služba je poskytována bezplatně.,Výše úhrady se sjednává s každou rodinou individuálně.,Bezplatné jsou pouze terénní návštěvy.,A,SAS-013-A,Metodika uvádí nulovou úhradu za základní činnosti SAS.,Znalost základní podmínky poskytování služby.,NE,1.0,Metodika SAS Emcéčko – přiložená verze,ANO
SAS-014,4,Standard 4.2 – Doba poskytování služby.,Doba trvání smlouvy,ZÁKLADNÍ,znalostní,Jak je podle metodiky smlouva standardně nastavena z hlediska délky?,Vždy na dobu neurčitou bez možnosti časového omezení.,"Na dobu určitou, doporučeně 6–12 měsíců, s možností prodloužení podle potřeb rodiny a IP.",Vždy přesně na jeden kalendářní rok bez možnosti změny.,B,SAS-014-B,"Metodika doporučuje časově ohraničenou podporu, kterou je možné podle vyhodnocených potřeb prodloužit.",Základní orientaci ve smluvním nastavení služby.,NE,1.0,Metodika SAS Emcéčko – přiložená verze,ANO
SAS-015,4,Standard 4.5 – Změny a dodatky smlouvy.,Dodatek ke smlouvě,STŘEDNÍ,situační,V průběhu spolupráce se rodina s pracovníkem dohodne na významné změně rozsahu a frekvence poskytované služby. Jak se má změna provést?,"Stačí ústní dohoda, pokud ji pracovník uvede do záznamu z návštěvy.",Stačí novou frekvenci uvést při nejbližším vyhodnocení individuálního plánu.,"Změna se provede písemným dodatkem ke smlouvě, který je datován a podepsán oběma stranami.",C,SAS-015-C,"Metodika stanovuje pro změny obsahu, rozsahu, frekvence nebo doby platnosti smlouvy písemný dodatek.",Rozlišení běžné dohody v IP od změny smluvních podmínek.,NE,1.0,Metodika SAS Emcéčko – přiložená verze,ANO
SAS-016,4,Standard 4.6 – Ukončení smlouvy.,Ukončení smlouvy klientem,POKROČILÁ,situační,Klient při terénní návštěvě řekne: „Už službu nechci a dneškem končím.“ V individuálním plánu přitom zůstávají nesplněné cíle a na příští týden je domluvené jednání s další službou. Jaký postup je nejlepší?,"Respektovat ukončení i bez udání důvodu, s klientem stručně vyjasnit bezprostřední návaznosti a provést potřebné závěrečné a administrativní kroky.","Doporučit klientovi, aby spolupráci ukončil až po nejbližším vyhodnocení IP, protože nesplněné cíle je vhodné nejprve formálně uzavřít.","Považovat sdělení pouze za záměr ukončit službu a vyžádat si písemnou výpověď, než se zruší naplánované návazné kroky.",A,SAS-016-A,"Klient může službu kdykoli ukončit bez udání důvodu, podle metodiky i ústně. Nesplněné cíle nejsou důvodem pokračování proti jeho vůli; služba však má spolupráci řádně uzavřít a podle potřeby řešit návaznost.",Praktické použití principu dobrovolnosti ve smluvním vztahu.,NE,1.0,Metodika SAS Emcéčko – přiložená verze,ANO
SAS-017,5,Standard 5.4 – Zapojení rodiny do plánování.,Termín prvního IP,ZÁKLADNÍ,znalostní,Do kdy má být podle metodiky sestaven a odsouhlasen první individuální plán?,Do tří měsíců od prvního kontaktu.,Nejpozději do jednoho měsíce od zahájení poskytování služby.,Až při prvním pravidelném vyhodnocení spolupráce.,B,SAS-017-B,"První IP má být dokončen nejpozději do jednoho měsíce, s výjimkou akutní krizové situace popsané metodikou.",Znalost základního časového rámce IP.,NE,1.0,Metodika SAS Emcéčko – přiložená verze,ANO
SAS-018,5,Standard 5.2 a 5.3 – SMART cíle a struktura IP.,SMART cíle,STŘEDNÍ,situační,Který z následujících cílů nejlépe odpovídá způsobu plánování požadovanému metodikou?,„Během tří měsíců se rodina bude snažit lépe hospodařit a omezovat vznik dalších dluhů.“,"„Do tří měsíců pracovník nastaví rodině rozpočet a zajistí, aby jej rodiče dodržovali.“",„Rodiče budou po dobu tří měsíců hospodařit podle dohodnutého rozpočtu bez vzniku nových splatných pohledávek.“,C,SAS-018-C,Třetí varianta je konkrétní a obsahuje měřitelný stav i časový rámec; současně ponechává aktivitu na rodině.,Schopnost rozpoznat kvalitně formulovaný cíl.,NE,1.0,Metodika SAS Emcéčko – přiložená verze,ANO
SAS-019,5,Standard 5.5 – Realizace a vyhodnocování plánu.,Mimořádné vyhodnocení IP,STŘEDNÍ,situační,"Individuální plán byl formálně vyhodnocen před šesti týdny, ale situace rodiny se nyní zásadně změnila. Co má klíčový pracovník udělat?",Vyhodnotit IP mimo pravidelný termín a podle nové situace jej aktualizovat.,"Vyčkat do uplynutí tří měsíců, aby byla zachována pravidelná periodicita.",Původní IP administrativně uzavřít a bez dalšího ukončit službu.,A,SAS-019-A,Tři měsíce jsou nejzazší pravidelnou periodou; zásadní změna situace je samostatným důvodem pro dřívější vyhodnocení.,Porozumění rozdílu mezi pravidelným a mimořádným vyhodnocením.,NE,1.0,Metodika SAS Emcéčko – přiložená verze,ANO
SAS-020,5,Standard 5.4 – Časový rámec individuálního plánování.,Krize před dokončením IP,POKROČILÁ,situační,Krátce po podpisu smlouvy vznikne v rodině akutní krizová situace. Individuální plán ještě není dokončen a rodina se nyní nedokáže soustředit na podrobné plánování. Co je nejlepší postup?,"Sepsat pracovní verzi IP bez rodiny podle zjištění pracovníka, aby byla administrativa dokončena před poskytnutím další pomoci.","Prioritně řešit akutní potřebu a bezpečí, průběh zaznamenat a detailní IP dokončit s rodinou neprodleně po stabilizaci situace.","Poskytovat pouze krizovou pomoc a od individuálního plánování upustit, protože krizová situace mění charakter služby.",B,SAS-020-B,Metodika dává v akutní krizi přednost okamžité pomoci a bezpečí. Individuální plán tím ale nezaniká; má být dokončen s rodinou po stabilizaci situace.,Schopnost správně určit prioritu v mimořádné situaci.,ANO,1.0,Metodika SAS Emcéčko – přiložená verze,ANO
SAS-021,6,Standard 6 – procesní tabulka „Průběžné vedení záznamů“.,Lhůta zápisu kontaktu,ZÁKLADNÍ,znalostní,"Do kdy má být podle procesního pravidla zaznamenána návštěva, konzultace nebo jiný kontakt s rodinou?",Do konce kalendářního týdne.,Do nejbližší týmové porady.,Do dvou pracovních dnů.,C,SAS-021-C,Procesní tabulka Standardu 6 stanovuje maximálně dva pracovní dny.,Znalost praktické dokumentační povinnosti.,NE,1.0,Metodika SAS Emcéčko – přiložená verze,ANO
SAS-022,6,Standard 6.4 – Objektivita a věcnost záznamů.,Objektivita záznamu,STŘEDNÍ,situační,Která formulace nejlépe odpovídá pravidlům pro objektivní záznam?,"„Při návštěvě byly na stole tři neotevřené obálky; klient uvedl, že je zatím neprošel.“","„Klient při návštěvě působil, že poštu dlouhodobě nezvládá a pravděpodobně ji ignoruje.“","„Na stole byly tři neotevřené obálky, což podle pracovníka potvrzuje nízkou motivaci rodiny řešit finance.“",A,SAS-022-A,První zápis popisuje pozorovatelnou skutečnost a odděluje ji od sdělení klienta. Ostatní varianty prezentují interpretaci jako fakt.,Rozlišení faktu od hodnocení pracovníka.,NE,1.0,Metodika SAS Emcéčko – přiložená verze,ANO
SAS-023,6,Standard 6.4 – Opravy v písemné dokumentaci.,Opravy v dokumentaci,STŘEDNÍ,situační,Pracovník zjistí chybu v již napsaném papírovém záznamu. Jak má opravu provést?,"Chybný text začernit tak, aby jej už nebylo možné přečíst.","Původní text ponechat čitelný, jednoduše jej přeškrtnout a opravu opatřit datem a podpisem.",Původní zápis ponechat beze změny a správnou informaci uvést pouze v příštím záznamu.,B,SAS-023-B,Metodika vyžaduje zachování dohledatelnosti původního záznamu a integrity dokumentace.,Správnou techniku opravy dokumentace.,NE,1.0,Metodika SAS Emcéčko – přiložená verze,ANO
SAS-024,6,Standard 6.5 – Přístup k dokumentaci.,Přístup ke spisu a ochrana třetích osob,POKROČILÁ,situační,"Klient požádá o nahlédnutí do spisu a o kopie dokumentů. Některé z nich obsahují citlivé údaje o další osobě, která není jeho zákonným zástupcem. Jaký postup je nejlepší?","Umožnit kopii celého spisu, pokud klient potvrdí, že údaje jiné osoby nebude dále šířit.","Umožnit klientovi pouze nahlédnutí bez pořizování kopií, protože přítomnost údajů jiné osoby vylučuje právo na kopie.",Umožnit přístup a kopie v rozsahu týkajícím se klienta a současně vhodným způsobem chránit citlivé údaje dalších osob.,C,SAS-024-C,"Právo klienta na přístup a kopie se uplatňuje současně s ochranou osobních údajů dalších osob. Ani úplné zpřístupnění, ani plošné odmítnutí nejsou správné.",Vyvažování transparentnosti dokumentace a ochrany třetích osob.,ANO,1.0,Metodika SAS Emcéčko – přiložená verze,ANO
SAS-025,7,Standard 7.2–7.4.,Anonymní stížnost,ZÁKLADNÍ,znalostní,Může být stížnost na službu podána anonymně?,"Ano, anonymní stížnost se eviduje a vyhodnocuje stejně jako ostatní.","Ano, ale pouze pokud ji potvrdí další klient služby.","Ne, bez identifikace stěžovatele se stížnost neprošetřuje.",A,SAS-025-A,Metodika výslovně připouští anonymní stížnosti.,Znalost práva klienta na bezpečné podání stížnosti.,NE,1.0,Metodika SAS Emcéčko – přiložená verze,ANO
SAS-026,7,Standard 7.3 a 7.4.,Přijetí stížnosti,STŘEDNÍ,situační,"Klient při terénní návštěvě řekne pracovníkovi, že chce podat stížnost na způsob poskytování služby. Co má pracovník udělat?","Odkázat jej na vedoucího, protože běžný pracovník stížnost přijmout nesmí.","Stížnost přijmout, ústní podání zaznamenat a bez zbytečného odkladu ji postoupit vedoucímu.","Požádat klienta, aby ji nejprve přeformuloval jako písemné podání.",B,SAS-026-B,Kterýkoli pracovník má stížnost převzít; ústní stížnost se zaznamenává.,Praktický postup při přijetí stížnosti.,NE,1.0,Metodika SAS Emcéčko – přiložená verze,ANO
SAS-027,7,Standard 7.4 – Postoupení a určení kompetentní osoby.,Stížnost na vedoucího,STŘEDNÍ,situační,"Klient předá pracovníkovi stížnost, která směřuje přímo na vedoucího služby. Kam ji má pracovník podle metodiky postoupit?","Klíčovému pracovníkovi klienta, aby nejprve ověřil souvislosti případu.","Vedoucímu služby, který ji společně s klientem prošetří.",Statutárnímu zástupci Emcéčka nebo jím pověřené nestranné osobě.,C,SAS-027-C,"Stížnost na vedoucího nemá vyřizovat osoba, proti které směřuje.",Zajištění nestrannosti při vyřizování stížností.,NE,1.0,Metodika SAS Emcéčko – přiložená verze,ANO
SAS-028,7,Standard 7.4 – Vyřízení stížnosti a lhůty.,Prodloužení lhůty stížnosti,POKROČILÁ,situační,Prošetření složité stížnosti se blíží třicátému dni. Chybí ještě jeden důležitý podklad a bez něj by závěr nebyl dostatečně objektivní. Jak má vedoucí postupovat?,"Písemně informovat klienta o důvodu prodloužení, uvést nový termín a pokračovat v řádném prošetření.",Do třiceti dnů vydat předběžný závěr jako konečné vyřízení a po získání podkladu případně otevřít novou stížnost.,"Uzavřít stížnost podle dosavadních podkladů a chybějící informaci zohlednit jen tehdy, pokud klient podá odvolání.",A,SAS-028-A,"Metodika umožňuje u zvlášť složitého případu prodloužení lhůty, ale vyžaduje klienta písemně informovat o důvodu a novém termínu. Kvalita šetření nemá být obětována formálnímu dodržení lhůty.",Správnou reakci na střet požadavku na včasnost a řádné prošetření.,NE,1.0,Metodika SAS Emcéčko – přiložená verze,ANO
SAS-029,8,Standard 8.1 a 8.4.,Role SAS v síti,ZÁKLADNÍ,znalostní,Jakou základní roli má SAS při práci s dalšími službami a institucemi?,"Postupně převzít činnosti institucí, které rodina nezvládá využívat.","Být průvodcem a prostředníkem, který rodině pomáhá další zdroje využívat samostatně.","Omezovat počet dalších služeb, aby rodina měla jediný kontaktní bod v SAS.",B,SAS-029-B,SAS jiné služby nesupluje; podporuje rodinu v orientaci a využívání běžných zdrojů.,Pochopení role SAS v síti služeb.,NE,1.0,Metodika SAS Emcéčko – přiložená verze,ANO
SAS-030,8,Standard 8.2 a 8.5.,Sdílení informací se školou,STŘEDNÍ,situační,Škola telefonicky požádá pracovníka SAS o informace o rodinné situaci dítěte. Rodina nedala souhlas ke sdílení a nejde o situaci zákonné oznamovací povinnosti. Jak má pracovník postupovat?,"Poskytnout potřebné informace, protože škola patří mezi běžné partnery SAS.","Poslat škole celý aktuální souhrn situace, pokud je účelem pomoc dítěti.",Informace nepředat bez příslušného souhlasu a nejprve vyřešit účel a rozsah případného sdílení s rodinou.,C,SAS-030-C,Spolupráce se školou sama o sobě není oprávněním předávat osobní informace bez souhlasu.,Použití pravidel mlčenlivosti v mezioborové spolupráci.,ANO,1.0,Metodika SAS Emcéčko – přiložená verze,ANO
SAS-031,8,Standard 8.7 – Prevence zdvojování činností.,Psychoterapie a návazná péče,STŘEDNÍ,situační,"Pracovník zjistí, že klient potřebuje psychoterapeutickou péči. Jaká reakce odpovídá metodice?","Pomoci klientovi vhodnou odbornou službu najít, motivovat jej a případně zprostředkovat první kontakt.",Začít s klientem poskytovat psychoterapii v rámci běžných návštěv SAS.,"Téma uzavřít s tím, že psychické obtíže vůbec nepatří do práce SAS.",A,SAS-031-A,"SAS psychoterapii nenahrazuje, ale může klienta podporovat v jejím využití.",Rozlišení vlastní kompetence od zprostředkování odborné péče.,NE,1.0,Metodika SAS Emcéčko – přiložená verze,ANO
SAS-032,8,"Standard 8.2, 8.5 a 8.7.",Koordinace více služeb,POKROČILÁ,situační,"S rodinou pracuje škola, OSPOD, dluhová poradna a další sociální služba. Rodina uvádí, že dostává od různých pracovníků podobné úkoly a neví, kdo co řeší. Jaký postup je nejlepší?","Požádat OSPOD, aby převzal koordinaci všech oblastí, a ostatní služby se následně řídily jeho rozdělením úkolů.","S rodinou a zapojenými partnery vyjasnit role a cíle, koordinovat postup, omezit duplicity a sdílet informace jen v oprávněném rozsahu.","Ponechat každou instituci pracovat zcela odděleně, aby se minimalizovalo riziko porušení mlčenlivosti, i když se činnosti překrývají.",B,SAS-032-B,"Metodika požaduje koordinaci a nezdvojování činností, ale zároveň ochranu osobních údajů a respekt k roli rodiny. Úplná izolace ani automatické podřízení všech partnerů jedné instituci principům služby neodpovídá.",Koordinaci více služeb bez převzetí jejich rolí.,NE,1.0,Metodika SAS Emcéčko – přiložená verze,ANO
SAS-033,9,Standard 9.2 a 9.4.,Role pracovníka v sociálních službách,ZÁKLADNÍ,znalostní,Které činnosti podle metodiky typicky náleží pracovníkovi v sociálních službách?,Samostatné metodické řízení služby a rozhodování o přijetí zájemců.,Odborné vedení sociálních šetření a konečné rozhodování o cílech všech IP.,"Terénní asistence, doprovody, výchovné činnosti a nácvik praktických dovedností.",C,SAS-033-C,Metodika odlišuje kompetence pracovníka v sociálních službách od role sociálního pracovníka a vedoucího.,Orientaci v základním rozdělení rolí.,NE,1.0,Metodika SAS Emcéčko – přiložená verze,ANO
SAS-034,9,Standard 9.2 a 9.4.,Kompetence a týmové plánování,STŘEDNÍ,situační,Pracovník v sociálních službách při pravidelných návštěvách získává důležité poznatky o fungování rodiny. Jak je nejvhodnější využít při individuálním plánování?,Předat je v rámci týmu; odborné plánování vede sociální či klíčový pracovník a pracovník v sociálních službách realizuje úkoly v rámci své role.,"Nechat pracovníka v sociálních službách samostatně změnit cíle IP, protože rodinu vídá nejčastěji.","Poznatky do plánování nezařazovat, protože IP se týká pouze práce sociálního pracovníka.",A,SAS-034-A,"Týmová práce využívá poznatky všech zapojených pracovníků, ale jejich kompetence nejsou zaměnitelné.",Spolupráci profesí při zachování kompetenčních hranic.,NE,1.0,Metodika SAS Emcéčko – přiložená verze,ANO
SAS-035,9,Standard 9.3 – Zastupitelnost.,Zastupitelnost,STŘEDNÍ,situační,Klíčový pracovník náhle dlouhodobě vypadne z práce. Jak má služba postupovat?,Pozastavit spolupráci se všemi jeho rodinami do jeho návratu.,Zajistit přiměřené zastoupení jiným členem týmu a rodiny informovat o dočasné změně.,Automaticky převést všechny rodiny k jiné organizaci.,B,SAS-035-B,Organizační nastavení má zajistit kontinuitu služby i při absenci pracovníka.,Praktické uplatnění principu kontinuity služby.,NE,1.0,Metodika SAS Emcéčko – přiložená verze,ANO
SAS-036,9,Standard 9.2 a 9.4 – Externí odborníci.,Externí odborník,POKROČILÁ,situační,"Rodina potřebuje psychologickou konzultaci, která přesahuje odbornost týmu SAS. Potřeba ale souvisí s cíli individuálního plánu a ostatní podpora rodiny pokračuje. Jaký postup je nejlepší?","Sociální pracovník dočasně převezme psychologickou práci v rozsahu, který považuje za zvládnutelný, aby se nezdržoval postup IP.","Předat rodinu psychologovi jako celek a práci SAS pozastavit, dokud odborník svou část neukončí.",Zapojit vhodného externího odborníka pro specifickou potřebu a současně zachovat koordinaci ostatní podpory v rámci kompetencí SAS.,C,SAS-036-C,"Externí odborník doplňuje kompetence týmu v konkrétní oblasti. SAS nemá překračovat svou odbornost ani automaticky ukončovat či přerušovat podporu, která nadále spadá do její role.",Práci na hranici odborných kompetencí.,NE,1.0,Metodika SAS Emcéčko – přiložená verze,ANO
SAS-037,10,Standard 10.2 – Systém hodnocení pracovníků.,Hodnocení pracovníka,ZÁKLADNÍ,znalostní,Jak často podle metodiky probíhá hodnoticí pohovor pracovníka s vedoucím služby?,Jednou ročně.,Jednou za tři roky.,"Pouze tehdy, když vznikne problém ve výkonu práce.",A,SAS-037-A,Hodnoticí pohovor je pravidelnou součástí profesního rozvoje a plánování dalšího vzdělávání.,Znalost systému pracovního hodnocení.,NE,1.0,Metodika SAS Emcéčko – přiložená verze,ANO
SAS-038,10,Standard 10.3 – Další vzdělávání.,Vzdělávací plán,STŘEDNÍ,situační,Vedoucí připravuje roční vzdělávací plán pracovníka. Která kombinace podkladů nejlépe odpovídá metodice?,"Dostupná nabídka kurzů, finanční možnosti organizace a preference lektora.","Zákonné požadavky, potřeby služby a individuální profesní cíle pracovníka.","Přání pracovníka, doporučení kolegů a témata, která se objevila na poslední poradě.",B,SAS-038-B,"Vzdělávání má spojovat profesní povinnost, skutečné potřeby služby a individuální rozvoj pracovníka.",Smysluplné plánování profesního rozvoje.,NE,1.0,Metodika SAS Emcéčko – přiložená verze,ANO
SAS-039,10,Standard 10.4 – Zaškolování nových pracovníků.,Adaptace nového pracovníka,STŘEDNÍ,situační,Do týmu nastoupí nový pracovník. Který adaptační postup nejlépe odpovídá metodice?,Po seznámení s pracovní smlouvou začne pracovat samostatně a metodiku si prostuduje během roku.,První tři měsíce pouze pozoruje ostatní a nesmí vykonávat žádnou přímou práci.,"Absolvuje vstupní školení, seznámí se s metodikou a standardy, má mentora během přibližně tříměsíční adaptace a poté hodnoticí rozhovor.",C,SAS-039-C,Metodika popisuje strukturované uvedení pracovníka do praxe s mentoringem a závěrečným vyhodnocením adaptačního období.,Znalost adaptačního procesu.,NE,1.0,Metodika SAS Emcéčko – přiložená verze,ANO
SAS-040,10,Standard 10.5 – Individuální supervize a intervize.,Individuální supervize,POKROČILÁ,situační,"Pracovníka výrazně psychicky zasáhne náročný případ. Má obavu, že zátěž začíná ovlivňovat jeho soustředění, ale zároveň chce zachovat kontinuitu podpory rodiny. Jaký postup nejlépe odpovídá metodice?","Požádat o individuální supervizi nebo konzultaci a podle potřeby s vedoucím probrat další podporu tak, aby byla zachována bezpečná a odborná práce.","Pokračovat beze změny do nejbližší skupinové supervize, protože průběžná individuální podpora by mohla narušit kontinuitu případu.","Případ bez další konzultace předat kolegovi a k rodině se dočasně nevracet, aby pracovník nemusel své zatížení v týmu otevírat.",A,SAS-040-A,Metodika umožňuje individuální supervizi či konzultaci zejména při akutní psychické zátěži nebo mimořádně složitém případu. Smyslem je chránit pracovníka i kvalitu a kontinuitu služby.,Schopnost včas využít systém odborné podpory.,NE,1.0,Metodika SAS Emcéčko – přiložená verze,ANO
SAS-041,11,Standard 11.2 – Místní dostupnost služby.,Místní působnost,ZÁKLADNÍ,znalostní,Na jakou oblast je služba podle metodiky primárně místně zaměřena?,Na celý Zlínský kraj bez dalšího územního vymezení.,Na ORP Valašské Meziříčí a spádové okolí.,Pouze na klienty s trvalým pobytem přímo ve Valašském Meziříčí.,B,SAS-041-B,"Metodika pracuje s ORP Valašské Meziříčí a jeho spádovým okolím, nikoli pouze se samotným městem.",Základní znalost místní působnosti.,NE,1.0,Metodika SAS Emcéčko – přiložená verze,ANO
SAS-042,11,Standard 11.2 a zásada terénního charakteru služby ve Standardu 1.4.,Terénní forma služby,ZÁKLADNÍ,znalostní,Která forma poskytování má podle metodiky v SAS převažovat?,Výhradně ambulantní práce v centru.,Pobytová forma pro celé rodiny.,Terénní práce v přirozeném prostředí rodiny.,C,SAS-042-C,"Služba je koncipována především jako terénní, i když využívá také ambulantní formu.",Znalost základní formy služby.,NE,1.0,Metodika SAS Emcéčko – přiložená verze,ANO
SAS-043,11,Standard 11.3 a 11.5.,Časová flexibilita,STŘEDNÍ,situační,Pracující rodič se kvůli zaměstnání opakovaně nemůže účastnit návštěv v běžném odpoledním čase. Co nejlépe odpovídá metodice?,"Podle možností služby hledat flexibilní termín, včetně pozdější návštěvy po předchozí dohodě.","Trvat na stejném čase pro všechny klienty, aby byl zachován rovný přístup.",Převést rodinu automaticky pouze na telefonické konzultace.,A,SAS-043-A,Dostupnost služby má reagovat na reálné možnosti rodin a metodika počítá s pružností pracovní doby.,Rozlišení rovného přístupu od mechanicky stejného zacházení.,NE,1.0,Metodika SAS Emcéčko – přiložená verze,ANO
SAS-044,11,Standard 11.6; obsahově také Standard 3.5.,Kapacitní dostupnost,POKROČILÁ,situační,"Služba má naplněnou kapacitu. Obrátí se na ni rodina, která jednoznačně patří do cílové skupiny a potřebuje podporu, ale popsaná situace není akutním ohrožením. Jaký postup je nejlepší?",Rodinu dočasně přijmout nad registrovanou kapacitu a administrativně ji zařadit až po uvolnění místa.,"Transparentně vysvětlit kapacitní situaci, nabídnout základní poradenství či vhodný návazný zdroj a další postup řešit podle pravidel evidence zájemců a kapacity.","Rodinu pouze zapsat na čekací seznam bez dalšího poradenství, protože aktivnější podpora by znamenala překročení kapacity.",B,SAS-044-B,"Naplněná kapacita se nemá obcházet, ale ani vést k pouhému odmítnutí bez orientace. Metodika počítá s informováním, základním poradenstvím či zprostředkováním jiné vhodné pomoci.",Profesní postup při omezené kapacitě.,NE,1.0,Metodika SAS Emcéčko – přiložená verze,ANO
SAS-045,12,Standard 12.1–12.3.,Kvalita informací,ZÁKLADNÍ,znalostní,"Jaké mají být informace poskytované veřejnosti, zájemcům a uživatelům?","Především právně přesné, i kdyby byly pro část klientů obtížně srozumitelné.","Co nejstručnější, aby pracovníci klienty nezatěžovali podrobnostmi.","Úplné, aktuální a podané srozumitelnou formou.",C,SAS-045-C,Informovanost není splněna pouhou dostupností informace; klient jí musí být schopen rozumět.,Základní princip informovanosti.,NE,1.0,Metodika SAS Emcéčko – přiložená verze,ANO
SAS-046,12,Standard 12.3 – Srozumitelnost a jazyková dostupnost.,Nízká gramotnost a jazyková bariéra,STŘEDNÍ,situační,Klient má nízkou gramotnost a zároveň omezeně rozumí češtině. Jak má pracovník předávat důležité informace?,"Použít jednoduchý jazyk, ústní a názorné vysvětlení a podle potřeby překlad či tlumočení a ověřit porozumění.","Předat standardní písemný materiál, protože použití stejného dokumentu zajišťuje rovnost klientů.",Veškerou komunikaci automaticky vést přes příbuzného klienta.,A,SAS-046-A,Forma komunikace má být přizpůsobena schopnostem klienta; metodika počítá s názorností i jazykovou podporou.,Praktickou dostupnost informací.,NE,1.0,Metodika SAS Emcéčko – přiložená verze,ANO
SAS-047,12,Standard 12.6 a 12.7.,Informování o změnách,STŘEDNÍ,situační,Kvůli nepřítomnosti pracovníka se musí změnit již dohodnuté termíny několika klientů. Jak má služba postupovat?,Počkat na další osobní kontakt a změnu vysvětlit až tehdy.,Klienty o změně včas informovat vhodným komunikačním kanálem a podle možností domluvit další postup.,"Změnit pouze informaci na webu, protože tím je splněna informační povinnost.",B,SAS-047-B,"Informace o změnách, které mají dopad na konkrétního klienta, mají být aktivně a srozumitelně předávány.",Aktivní informování uživatelů o změně služby.,NE,1.0,Metodika SAS Emcéčko – přiložená verze,ANO
SAS-048,12,Standard 12.6 – Informovanost uživatelů v průběhu služby.,Zavedení nového pravidla,POKROČILÁ,situační,"Organizace zavede nové vnitřní pravidlo, které mění část práv a povinností stávajících klientů. Někteří klienti mají nízkou gramotnost. Jaký postup je nejvhodnější?",Zveřejnit úplné znění na webu a při nejbližší návštěvě si nechat podepsat potvrzení o seznámení.,"Rozeslat klientům písemnou informaci a další vysvětlení poskytovat pouze těm, kteří se sami zeptají.","Klienty aktivně informovat srozumitelnou formou, vysvětlit praktický dopad změny a podle potřeby ověřit, že jí porozuměli.",C,SAS-048-C,"Metodika klade důraz na průběžné, aktivní a srozumitelné informování uživatelů. Samotné zveřejnění, doručení textu nebo podpis bez porozumění nestačí.",Rozlišení formálního informování od skutečného porozumění.,NE,1.0,Metodika SAS Emcéčko – přiložená verze,ANO
SAS-049,13,Standard 13.2 – Terénní forma služby.,Domluvená terénní návštěva,ZÁKLADNÍ,znalostní,Jak mají podle metodiky běžně probíhat návštěvy v domácnosti rodiny?,Návštěva je předem domluvena a pracovník respektuje soukromí domácnosti.,"Pracovník může přijít bez oznámení, pokud potřebuje ověřit skutečné podmínky dítěte.","První návštěva je domluvená, další může pracovník provádět bez předchozí dohody.",A,SAS-049-A,"Metodika zdůrazňuje, že pracovník je v domácnosti hostem a návštěva má být předem dohodnuta.",Respekt k soukromí při terénní práci.,NE,1.0,Metodika SAS Emcéčko – přiložená verze,ANO
SAS-050,13,Standard 13.2; související krizový postup Standardu 14.3.,Bezpečnost při návštěvě,STŘEDNÍ,situační,"Při příchodu na dohodnutou návštěvu pracovník zjistí, že se v domácnosti volně pohybuje agresivní pes a klient jej odmítá zajistit. Co je nejvhodnější?","Vstoupit, pokud klient ujistí pracovníka, že psa zná a dokáže jej během návštěvy slovně usměrnit.",Požadovat bezpečné podmínky a při nezajištěném riziku do domácnosti nevstupovat nebo již zahájenou návštěvu ukončit.,Návštěvu uskutečnit jen v omezeném rozsahu u vchodu a řešit zabezpečení psa až při příštím plánovaném kontaktu.,B,SAS-050-B,Dohodnutá návštěva neznamená povinnost pracovníka vstupovat do nebezpečného prostředí.,Bezpečné rozhodování při terénní práci.,ANO,1.0,Metodika SAS Emcéčko – přiložená verze,ANO
SAS-051,13,Standard 13.2 – Podmínky v domácnostech.,Posuzování domácího prostředí,STŘEDNÍ,situační,Pracovník při návštěvě vnímá domácnost jako velmi neuspořádanou a materiálně nedostatečně vybavenou. Jak má situaci posuzovat?,Podle vlastních představ o přiměřené úrovni domácnosti a rodiče k ní vést.,"Chybějící vybavení co nejrychleji zajistit z prostředků služby, aby byl problém odstraněn.","Hodnotit konkrétní dopad podmínek na dítě a s rodinou pracovat na řešení, které podporuje její vlastní schopnosti a odpovědnost.",C,SAS-051-C,"Metodika nevede pracovníka k estetickému hodnocení domácnosti, ale k posouzení bezpečí, potřeb dítěte a možností podpory.",Nepaternalistické hodnocení životních podmínek.,NE,1.0,Metodika SAS Emcéčko – přiložená verze,ANO
SAS-052,13,Standard 13.2 – Respekt k soukromí při terénní práci.,Soukromí v domácnosti,POKROČILÁ,situační,"Při běžné terénní návštěvě klient nechce pracovníka pustit do ložnice. Pracovník ví, že tam dítě spí, ale nemá konkrétní informaci o bezprostředním riziku nebo ohrožení. Jaký postup je nejlepší?",Respektovat vymezené soukromí domácnosti a pracovat v dohodnutých prostorách; případné konkrétní obavy dál zjišťovat přiměřeným způsobem.,"Přesunout další spolupráci pouze do ambulance, dokud klient nepovolí pracovníkovi přístup do všech místností domácnosti.","Požadovat jednorázovou prohlídku ložnice za přítomnosti klienta, protože dítě místnost užívá a SAS musí posoudit celé domácí prostředí.",A,SAS-052-A,Pracovník je v domácnosti hostem a respektuje soukromí. Bez konkrétního důvodu k zásahu nemá obecné právo kontrolovat všechny místnosti; případné obavy má řešit přiměřeně skutečnému riziku.,Rozlišení sociální práce od kontrolního zásahu.,ANO,1.0,Metodika SAS Emcéčko – přiložená verze,ANO
SAS-053,14,Standard 14.2 a 14.5.,Evidence incidentu,ZÁKLADNÍ,znalostní,Co má podle metodiky následovat po mimořádné události?,"Zápis se pořizuje jen tehdy, pokud zasahovala některá složka IZS.",Událost se písemně zaznamená a následně se vyhodnotí její průběh a případná opatření.,"Pokud byla situace zvládnuta bez zranění, další dokumentace není potřebná.",B,SAS-053-B,Evidence a následná reflexe mimořádných událostí jsou součástí prevence jejich opakování.,Základní postup po incidentu.,ANO,1.0,Metodika SAS Emcéčko – přiložená verze,ANO
SAS-054,14,Standard 14.3 – Agresivní klient.,Agrese klienta,STŘEDNÍ,situační,Klient během návštěvy začne být stále agresivnější a nereaguje na snahu situaci uklidnit. Co má pracovník udělat?,"Pokračovat v rozhovoru z větší vzdálenosti a návštěvu ukončit až tehdy, pokud klient přejde k fyzickému napadení.","Upozornit klienta na porušování pravidel, požádat jej o zklidnění a před odchodem se pokusit dokončit alespoň nezbytnou část návštěvy.","Zachovat klid a odstup, při pokračující agresi návštěvu ukončit a bezpečně odejít; při ohrožení života volat Policii ČR a incident následně oznámit a zaznamenat.",C,SAS-054-C,Bezpečnost pracovníka má přednost před dokončením plánované návštěvy a metodika stanovuje konkrétní eskalační postup.,Praktický bezpečnostní postup při agresi.,ANO,1.0,Metodika SAS Emcéčko – přiložená verze,ANO
SAS-055,14,Standard 14.3 – Zdravotní kolaps nebo úraz.,Zdravotní kolaps,STŘEDNÍ,situační,Během aktivity dojde u přítomné osoby k náhlému zdravotnímu kolapsu a pracovník vyhodnotí stav jako život ohrožující. Jak má postupovat?,"Přivolat zdravotnickou záchrannou službu, poskytnout základní první pomoc a zůstat s osobou do příjezdu pomoci.","Odvézt osobu vlastním vozidlem do nemocnice, aby se neztrácel čas telefonováním.",Zavolat nejprve rodině postiženého a nechat další postup na jejím rozhodnutí.,A,SAS-055-A,Metodika při závažném zdravotním stavu počítá s voláním ZZS a poskytnutím základní první pomoci.,Základní orientaci v akutní zdravotní situaci.,ANO,1.0,Metodika SAS Emcéčko – přiložená verze,ANO
SAS-056,14,Standard 14.3 – Ztracení dítěte při doprovodu.,Ztráta dítěte,POKROČILÁ,situační,"Při doprovodu se pracovníkovi ztratí dítě. Pracovník okamžitě prohledal okolí a kontaktoval rodiče i dostupné kolegy, ale dítě se ani po 30 minutách nepodařilo najít. Jaký další postup stanovuje metodika?","Nejprve kontaktovat OSPOD a policii volat až tehdy, pokud tento orgán doporučí další eskalaci.","Kontaktovat Policii ČR na čísle 158, pokračovat v bezpečnostním postupu a po vyřešení událost zaznamenat a vyhodnotit.","Pokračovat v hledání společně s rodičem a policii kontaktovat až po delší době, pokud se rodič s tímto krokem ztotožní.",B,SAS-056-B,Metodika stanovuje po 30 minutách neúspěšného hledání kontaktování Policie ČR. Oznámení není podmíněno předchozím souhlasem rodiče ani doporučením OSPOD.,"Rozhodnutí, kdy eskalovat situaci na Policii ČR.",ANO,1.0,Metodika SAS Emcéčko – přiložená verze,ANO
SAS-057,15,Standard 15.2 – Základní rámec systému kvality.,Cyklus kvality,ZÁKLADNÍ,znalostní,Který sled kroků odpovídá systému zvyšování kvality popsanému metodikou?,Kontrola – sankce – náprava – archivace.,Vyhodnocení – kontrola – schválení – inspekce.,Plánování – realizace – hodnocení – zlepšování.,C,SAS-057-C,"Metodika staví systém kvality na opakujícím se cyklu plánování, realizace, hodnocení a zlepšení.",Pochopení základního cyklu kvality.,NE,1.0,Metodika SAS Emcéčko – přiložená verze,ANO
SAS-058,15,Standard 15.6 – Využití stížností jako nástroje kvality.,Stížnosti jako zdroj kvality,STŘEDNÍ,situační,V průběhu roku se v několika stížnostech opakuje podobné téma. Jak má služba podle metodiky tuto informaci využít?,Analyzovat opakující se problém a podle výsledku přijmout opatření ke zlepšení služby.,"Jednotlivé stížnosti vyřídit a dál je nespojovat, protože každý případ je individuální.","Zabývat se trendem pouze tehdy, pokud všechny stížnosti byly vyhodnoceny jako zcela oprávněné.",A,SAS-058-A,Stížnosti jsou v metodice chápány také jako zdroj informací o systémových slabinách služby.,Schopnost převést zpětnou vazbu do zlepšování služby.,NE,1.0,Metodika SAS Emcéčko – přiložená verze,ANO
SAS-059,15,Standard 15.7 – Plán zvyšování kvality.,Plán zvyšování kvality,STŘEDNÍ,situační,Jak má být podle metodiky připraven plán zvyšování kvality?,"Jako roční přehled hlavních témat kvality s obecně formulovanými cíli, které tým průběžně konkretizuje podle situace.","Na základě zjištění z hodnocení, zpětné vazby, stížností či kontrol, s konkrétními opatřeními, odpovědností a termíny.",Především podle nálezů externích kontrol a inspekcí; interní podněty se do plánu doplňují až po jejich externím ověření.,B,SAS-059-B,"Zlepšování kvality má být konkrétní, řízené a kontrolovatelné, nikoli pouze deklarativní.",Praktický princip plánování kvality.,NE,1.0,Metodika SAS Emcéčko – přiložená verze,ANO
SAS-060,15,Standard 15.3 a 15.7.,Neúčinný postup a nápravná opatření,POKROČILÁ,situační,"Roční hodnocení ukáže, že pracovníci formálně dodržují schválený postup, ale výsledky v jedné oblasti podpory rodin se dlouhodobě nezlepšují. Tým si není jistý, zda je problém v metodice, organizaci práce nebo v jiných bariérách. Co nejlépe odpovídá systému kvality?","Považovat oblast za splněnou, protože kontrola potvrdila dodržování postupu, a zaměřit se na jiné nedostatky.","Zachovat stávající postup do externí inspekce, aby interní změna neproběhla bez nezávislého potvrzení.","Analyzovat příčiny a bariéry, stanovit konkrétní opatření s odpovědností a termínem a následně ověřit jeho dopad na výsledky.",C,SAS-060-C,"Systém kvality nemá sledovat jen formální dodržování postupu. Pokud výsledky neodpovídají cílům, mají být hledány příčiny, přijato konkrétní opatření a jeho účinek následně vyhodnocen.",Schopnost používat systém kvality jako skutečný cyklus zlepšování.,NE,1.0,Metodika SAS Emcéčko – přiložená verze,ANO
